animal,Sex,Gender,Type,AON,IN,NAcc,OLF,PFC,199542,199746,199765,200117,200289,200819,200879,200976,201035,201246,202102,203451,203479,203523,203674,204173,204906,206139,206295,207683,208212,209155,209291,209647,209831,210687,211385,213148,214923,214961,215063,215081,215227,215692,216214,216730,217519,217686,217906,219750,220005,220850,222714,222858,222949,223124,223295,223543,223666,223821,224774,225688,226611,227424,227747,228184,228869,229155,229421,229992,230095,230525,231388,231549,231793,232273,233498,233938,233949,234052,234193,234271,234526,234537,234562,234581,234693,234721,234848,234882,235439,235442,235535,235909,236596,236774,236958,237053,237122,237606,237608,237766,237957,238011,238034,238041
1,1,M,EC,0.07915,0.062,0.0646,0.00185,0.11035,0,0,0,2,0,0,2,0,0,0,0,0,0,2,2,0,0,0,2,0,1,0,1,1,0,0,0,0,1,0,0,0,0,0,1,1,1,0,0,1,0,0,1,1,1,0,0,0,0,1,1,1,1,1,0,0,0,0,0,0,0,1,0,0,0,1,0,0,0,0,1,0,0,0,1,1,0,0,1,0,0,0,0,0,0,0,0,0,0,0,0,0,1,0,0,1
10,1,M,EC,0.09355,0.0656,0.24855,NA,0.12885,0,0,0,1,0,0,2,1,1,0,0,0,2,2,1,0,0,1,1,0,0,1,1,0,0,0,1,0,0,0,0,0,0,2,1,0,0,1,1,1,0,0,0,1,2,0,2,0,0,0,1,0,1,0,0,1,0,1,1,1,2,0,2,0,0,0,0,0,0,0,1,1,0,0,2,1,2,1,1,0,0,1,0,0,0,0,0,1,0,0,0,1,2,1,0,0
104,1,M,EC,0.09115,0.0589,0.02415,NA,0.1015,0,0,0,1,0,0,2,0,1,0,0,0,1,1,0,2,2,1,1,0,0,1,1,1,0,0,2,1,0,0,0,0,0,1,1,1,0,0,2,2,0,0,1,0,1,0,1,0,0,0,0,0,1,1,0,1,0,1,1,0,1,0,1,0,0,2,0,1,0,1,0,1,0,0,0,2,0,1,2,1,0,0,0,0,0,0,0,0,0,0,0,0,1,0,0,0
105,1,M,EC,0.09105,0.068,0.0464,NA,0.11345,0,0,0,2,0,0,0,0,2,0,0,0,0,2,0,2,0,0,2,0,0,1,1,0,0,0,1,1,0,1,1,0,0,0,1,0,1,1,1,0,0,0,1,0,0,0,1,0,0,0,1,0,0,0,0,0,0,1,1,0,0,0,0,0,0,1,0,0,0,0,1,0,0,0,0,1,1,0,0,0,0,1,0,0,1,0,0,0,0,0,0,0,0,0,0,0
1107,1,M,WC,0.08005,0.09735,0.1408,0.08305,0.0686,0,0,1,0,0,1,1,0,2,0,1,0,2,2,0,1,0,0,2,1,0,1,1,1,0,0,1,0,0,0,0,0,1,2,1,1,1,0,1,0,0,0,0,0,2,0,1,0,0,0,0,0,1,0,0,0,0,0,0,0,2,0,2,0,0,1,0,1,1,0,1,0,0,0,2,1,2,0,1,0,0,0,0,0,0,1,0,0,0,0,0,0,1,0,0,0
12,2,F,EC,0.02125,0.04705,0.02755,0.09245,0.0454,0,0,0,2,0,0,2,1,1,0,0,0,2,2,1,1,1,2,1,0,0,0,2,1,0,0,2,0,0,0,0,0,0,1,1,1,0,1,1,2,0,0,0,1,1,0,1,0,0,0,1,0,1,0,0,0,0,1,1,1,2,0,2,0,0,1,0,1,0,0,2,1,0,0,1,2,1,1,1,0,0,1,1,0,0,0,0,1,0,0,0,1,1,1,0,1
13,2,F,EC,0.04635,0.04905,0.0689,0.0336,0.0598,0,0,0,2,0,0,2,2,0,0,0,0,0,2,2,2,0,2,2,0,0,0,0,0,0,0,0,0,1,0,0,0,1,0,0,1,0,0,1,1,0,0,0,0,0,0,0,0,0,0,0,0,0,0,0,0,0,1,1,0,0,0,1,0,0,0,0,0,0,0,0,1,0,0,1,1,1,0,0,0,0,0,0,0,0,1,0,0,0,0,0,0,0,0,0,0
14,2,F,EC,0.06725,0.0207,0.1057,0.01405,0.0379,0,0,0,2,0,0,1,1,1,0,0,0,0,2,1,2,1,2,1,0,0,2,0,0,0,0,0,0,1,0,0,0,1,1,1,1,0,0,1,1,0,0,1,0,0,0,0,0,0,0,1,0,1,0,0,1,1,1,1,0,0,0,1,0,0,0,0,0,0,0,0,1,0,0,1,1,1,0,0,0,0,0,0,1,0,1,0,0,0,0,0,0,0,0,0,0
15,1,M,EC,0.08635,0.03135,0.0598,0.02125,0.0778,0,0,0,1,0,0,1,1,0,0,0,0,0,1,1,1,0,1,1,0,0,0,0,0,0,0,0,0,1,0,0,0,1,0,0,1,0,0,1,1,0,0,0,0,0,0,0,0,0,0,0,0,1,0,0,0,0,1,1,0,0,0,1,0,0,0,0,0,0,0,0,1,0,0,1,1,1,0,0,0,0,0,0,0,0,1,0,0,0,0,0,0,0,0,0,0
16,1,M,EC,0.0625,0.0469,0.054,0.0212,0.0784,0,0,0,0,0,0,2,0,2,0,0,2,0,2,0,2,0,2,2,0,0,0,0,0,0,0,0,0,0,0,0,0,0,0,1,1,0,0,1,1,0,0,1,0,0,1,1,0,0,0,0,0,1,0,0,0,0,1,1,1,1,0,1,0,0,0,1,0,0,1,0,0,0,0,1,1,0,0,1,0,0,0,0,0,0,0,0,0,0,0,0,0,1,0,0,1
17,1,M,EC,0.05935,0.0554,0.0436,0.008,0.07745,0,0,0,0,0,0,2,0,0,0,0,0,1,0,0,1,2,0,0,0,0,1,0,0,0,0,1,1,0,0,0,0,0,1,1,0,0,0,1,1,0,0,1,0,0,0,1,0,0,0,0,0,1,1,0,0,0,0,1,0,0,0,0,0,0,1,0,0,0,1,0,1,0,0,0,1,0,1,1,1,0,0,0,0,0,0,0,0,0,0,0,0,1,0,0,0
18,1,M,EC,0.12655,0.04835,0.07005,0.01145,0.1108,0,0,0,0,0,0,1,0,0,0,0,0,0,0,0,1,1,0,0,0,0,1,0,0,0,0,1,1,0,0,0,0,0,1,1,0,0,0,1,1,0,0,1,0,0,0,1,0,0,0,0,0,1,1,0,0,0,0,1,0,0,0,0,0,0,1,0,0,0,1,0,1,0,0,0,1,0,1,1,1,0,0,0,0,0,0,0,0,0,0,0,0,1,0,0,1
19k,2,F,EC,0.08995,0.06235,0.14245,0.00655,0.08355,0,0,0,0,0,0,2,0,2,0,0,0,2,2,0,0,0,0,2,0,1,2,1,1,0,0,1,0,0,1,0,0,1,1,1,0,0,0,2,1,1,0,0,0,2,0,2,1,0,0,1,0,1,1,0,0,0,1,0,1,2,0,1,0,0,0,0,0,0,0,1,0,1,1,1,1,1,0,1,0,0,0,0,0,0,0,0,1,0,0,0,0,2,0,0,0
22,2,F,EC,0.0728,0.0761,0.03195,NA,0.0763,0,0,0,1,0,0,2,0,1,0,0,0,1,1,0,2,2,1,1,0,0,1,1,1,0,0,2,1,0,0,0,0,0,1,1,1,0,0,2,2,0,0,1,0,0,0,1,0,0,0,0,0,1,1,0,0,0,0,1,0,1,0,1,0,0,2,0,1,0,1,1,1,0,0,0,2,0,1,2,1,0,0,0,0,0,0,0,0,0,0,0,0,1,0,1,0
224,1,M,WC,0.0892,0.05365,0.0603,0.0095,0.0798,0,0,0,0,1,0,1,0,2,0,0,0,1,2,0,2,1,2,1,0,0,0,2,1,0,1,1,1,0,0,0,1,0,0,0,1,0,0,0,1,0,0,0,0,2,0,1,0,2,1,0,1,2,0,0,0,0,0,1,1,1,0,1,0,0,1,0,0,0,0,1,1,0,0,0,2,1,0,0,0,0,1,0,1,0,1,0,1,0,0,0,0,1,0,0,1
23,2,F,EC,0.1039,0.07985,0.0612,0.01715,0.048,0,0,0,2,0,0,1,0,1,1,0,0,2,2,0,1,2,2,1,0,0,0,2,2,0,0,2,0,1,0,0,0,0,1,1,1,0,0,2,2,0,0,0,0,0,0,1,1,0,1,0,0,0,0,0,1,1,0,1,0,2,0,2,0,0,1,0,1,0,0,1,0,0,0,1,2,1,2,1,0,0,1,0,0,0,0,0,2,0,0,1,0,2,0,0,1
231,1,M,WC,0.11645,0.0786,0.0711,0.0231,0.11745,0,0,0,2,0,2,0,0,0,0,0,0,0,2,2,0,2,0,2,0,0,0,1,0,0,0,1,0,0,1,0,0,0,1,1,0,0,0,1,0,0,0,0,0,0,0,1,0,0,1,0,0,1,0,0,0,1,0,0,0,1,0,1,0,0,0,0,0,0,0,0,0,0,0,1,1,1,1,0,0,0,1,0,0,0,0,0,1,0,0,0,0,1,0,0,1
24,2,F,EC,0.07275,0.09625,0.0705,NA,0.0916,0,0,0,2,2,0,0,1,0,0,0,0,2,2,0,0,2,0,1,0,0,1,1,0,0,0,0,0,1,0,0,0,0,1,1,1,0,0,2,2,0,0,0,0,0,0,1,1,0,1,0,0,0,0,0,1,0,0,1,0,2,0,2,0,0,1,0,1,0,0,1,0,0,0,1,2,1,1,1,0,0,1,0,0,0,0,0,1,0,0,1,0,2,0,0,0
25,2,F,EC,0.1562,0.0884,0.02625,0.0077,0.1712,2,0,0,0,0,0,2,0,2,0,0,0,1,2,0,0,2,2,0,0,0,0,1,0,0,0,1,0,1,0,0,0,0,1,1,1,0,0,2,2,0,0,0,0,0,0,1,1,0,1,0,0,0,0,0,1,1,0,1,0,2,0,2,0,0,1,0,0,0,0,1,0,0,0,1,2,1,1,1,0,0,1,1,0,0,0,0,1,0,0,1,0,1,0,1,0
250,1,M,WC,0.1007,0.0856,0.0838,0.00845,0.13975,0,0,0,1,0,0,2,0,1,0,0,0,2,2,0,1,0,0,2,0,0,2,0,1,0,2,2,2,0,0,0,0,0,2,2,0,0,0,2,2,2,0,0,0,0,0,2,0,0,2,2,0,0,0,0,0,0,0,0,0,0,0,2,0,0,0,0,0,0,0,0,0,2,0,0,2,2,0,0,0,0,2,0,2,0,0,0,2,0,0,0,0,2,0,0,0
2556,2,F,WC,0.0737,0.08055,0.09015,0.0137,0.1054,0,1,0,1,0,0,2,0,2,0,0,1,1,2,0,2,1,2,2,0,1,1,1,0,0,1,2,1,0,0,0,0,1,1,1,1,0,1,2,2,0,0,2,0,1,1,2,0,0,0,0,0,2,0,0,0,0,2,2,1,1,0,2,0,0,0,1,0,0,1,0,0,1,0,1,2,0,0,2,0,0,0,0,0,0,0,1,0,0,0,0,0,1,0,0,1
2559,2,F,WC,0.0631,0.111,0.1343,0.01115,0.11015,0,0,0,1,1,1,0,0,2,0,1,0,1,2,1,2,1,0,1,0,1,1,1,1,1,1,1,2,0,0,0,0,0,2,2,0,0,0,2,2,0,0,1,1,0,0,2,0,0,1,0,0,1,1,0,0,0,0,2,0,1,0,1,0,1,1,0,0,0,2,0,1,0,0,1,2,1,1,1,1,0,0,0,0,0,1,0,0,0,0,0,0,1,0,1,1
2600,2,F,WC,0.13715,0.0829,0.1553,0.00165,0.11595,1,1,1,1,0,0,2,0,1,0,0,0,1,1,0,1,1,2,2,0,0,0,0,0,0,0,1,2,1,0,1,0,2,2,0,0,0,1,1,2,0,0,1,0,2,0,0,0,0,1,0,0,1,0,0,0,1,1,2,0,0,0,2,0,0,0,1,0,0,0,0,1,1,0,1,2,1,0,1,0,0,0,0,0,0,1,1,0,0,0,0,0,0,0,1,0
289,1,M,WC,0.0945,0.08065,0.0899,0.0064,0.1116,0,1,0,1,0,1,2,0,1,0,0,0,1,2,1,2,1,1,2,0,0,1,0,1,0,1,2,2,0,0,0,0,1,2,1,0,0,1,2,2,1,0,0,0,0,0,2,0,0,2,2,0,0,0,0,1,0,0,1,0,0,0,2,0,0,0,0,0,0,0,0,0,2,0,0,2,1,0,1,0,0,1,0,1,0,0,1,1,0,0,0,0,1,0,1,1
3,2,F,EC,0.0682,0.06855,0.19245,0.0102,0.08485,0,0,0,2,0,1,1,1,1,0,0,0,0,2,0,1,1,2,0,0,0,2,0,0,0,1,1,0,0,0,0,1,0,2,2,1,0,0,1,2,1,0,2,0,0,0,0,0,0,0,1,0,0,0,0,1,0,0,0,0,2,0,2,0,0,2,0,2,0,0,1,0,0,0,1,2,0,0,2,0,0,0,0,1,0,1,0,0,0,1,0,0,0,1,0,0
30,2,F,EC,0.0728,0.07795,0.0407,0.012,0.1175,0,0,0,2,0,0,2,1,1,0,0,0,2,2,1,1,1,2,1,0,0,0,2,1,0,0,2,0,0,0,0,0,0,1,1,1,0,1,1,2,0,0,0,1,1,0,1,0,0,0,1,0,1,0,0,0,0,1,1,1,1,0,1,0,0,1,0,0,0,0,0,0,1,0,1,1,1,0,1,1,0,1,0,0,0,0,0,0,1,0,0,0,1,1,0,0
31,1,M,EC,0.07755,0.08345,0.02395,NA,0.12815,0,0,0,2,0,0,2,1,1,0,0,0,2,2,1,1,1,2,1,0,0,0,2,1,0,0,2,0,0,0,0,0,0,1,1,1,0,1,1,2,0,0,0,1,1,0,1,0,0,0,1,0,1,0,0,1,0,1,1,1,1,0,1,1,0,1,0,1,1,1,1,1,0,0,1,1,1,1,1,1,0,1,0,0,0,1,0,1,0,0,0,0,1,0,0,0
32,1,M,EC,0.1319,0.1196,0.0864,0.01695,0.14165,0,0,0,2,0,0,2,1,1,0,0,0,2,2,1,1,1,2,1,0,0,0,2,1,0,0,2,0,0,0,0,0,0,1,1,1,0,1,1,2,0,0,0,0,0,0,0,0,0,0,0,0,0,0,0,1,0,0,0,0,2,0,2,0,0,1,0,1,0,0,2,1,0,0,1,2,1,1,1,0,0,1,1,0,0,0,0,1,0,0,0,1,1,1,0,0
34,2,F,EC,0.10745,0.0558,0.1951,0.0054,0.08955,0,0,0,2,0,0,1,0,1,0,0,0,1,2,0,2,1,1,0,1,0,1,1,0,0,0,1,0,0,0,0,0,0,1,2,1,0,0,0,2,0,0,1,0,0,0,2,0,0,0,1,0,2,0,0,0,1,1,0,0,1,0,0,0,0,2,0,0,0,0,0,0,0,0,1,2,1,0,1,1,0,1,0,1,0,1,0,0,1,0,0,0,1,1,0,0
35k,2,F,EC,0.11405,0.09045,0.2605,0.01545,0.1224,0,0,0,1,0,0,2,0,1,0,0,0,2,2,0,1,0,0,1,1,0,1,1,0,0,0,1,0,0,0,0,0,0,1,1,0,0,0,1,1,0,1,0,0,1,0,2,0,0,0,0,0,1,0,0,0,0,1,0,0,1,0,1,0,0,1,0,0,0,0,0,0,0,0,1,1,1,0,2,1,0,0,0,0,0,1,0,0,1,0,0,0,2,0,0,0
36,1,M,EC,0.08915,0.06195,0.2076,0.0282,0.09155,0,0,0,0,1,0,2,0,2,0,0,0,2,2,0,1,0,0,2,1,0,2,1,0,0,1,1,0,1,0,0,0,0,2,1,1,0,0,1,1,0,0,1,0,2,1,2,0,0,1,0,0,1,0,0,0,0,0,0,1,2,1,1,0,0,1,0,0,0,0,1,0,0,0,1,0,1,0,2,0,1,0,0,0,0,0,0,0,0,0,0,0,2,0,1,1
38,2,F,EC,0.0531,0.0635,0.1681,0.01965,0.0859,0,0,0,1,1,0,0,0,1,0,0,0,1,2,0,1,2,2,0,0,0,1,1,1,0,0,1,0,1,0,0,0,0,1,2,1,0,0,0,2,0,0,0,0,1,0,0,0,0,0,1,0,2,0,0,1,1,1,1,0,1,0,0,0,0,2,0,0,0,0,1,0,0,0,2,2,1,0,0,0,0,2,0,1,0,0,0,0,0,0,0,0,1,1,0,0
39k,2,F,EC,0.12515,0.1213,0.23785,0.015,0.0912,0,0,0,0,1,0,1,0,1,0,0,0,2,2,0,0,1,1,1,0,0,1,1,1,0,0,1,0,1,0,0,0,0,1,1,0,0,0,1,1,0,0,0,0,1,0,1,0,0,0,0,0,1,0,0,0,0,1,1,0,1,0,1,0,0,1,0,0,0,0,1,0,0,0,2,1,1,0,1,0,0,1,0,0,0,0,0,0,0,0,0,0,2,0,1,0
40,1,M,EC,0.1001,0.14115,0.2332,0.09405,0.09595,0,0,0,0,1,0,1,0,1,0,0,0,2,2,0,0,1,1,1,0,0,1,1,1,0,0,1,0,1,0,0,0,0,1,1,0,0,0,1,1,0,0,0,0,1,0,1,0,0,0,0,0,1,0,0,0,0,1,1,0,1,0,1,0,0,1,0,0,0,0,1,0,0,0,2,1,1,0,1,0,0,1,0,0,0,0,0,0,0,0,0,0,2,0,0,1
41k,1,M,EC,0.0621,0.07255,0.17645,0.02805,0.0799,0,0,0,0,1,0,1,0,1,0,0,0,2,2,0,0,1,1,1,0,0,1,1,1,0,0,1,0,1,0,0,0,0,1,1,0,0,0,1,1,0,0,0,0,1,0,1,0,0,0,0,0,1,0,0,0,0,1,1,0,1,0,1,0,0,1,0,0,0,0,1,0,0,0,2,1,1,0,1,0,0,1,0,0,0,0,0,0,0,0,0,0,2,0,0,0
42,2,F,EC,0.084,0.0721,0.06055,0.0134,0.10925,1,0,0,0,0,0,1,0,1,0,0,0,1,1,0,0,1,1,0,0,0,0,1,0,0,0,1,0,1,0,1,0,0,1,1,0,0,0,1,0,0,0,0,0,0,0,1,0,0,1,1,0,1,0,1,0,1,0,0,0,0,0,0,0,0,1,0,0,0,0,1,1,0,0,1,1,0,1,1,0,0,0,0,0,0,0,0,0,0,0,0,0,1,0,1,1
43k,1,M,EC,0.0665,0.07035,0.17395,0.03395,0.11545,0,0,0,1,0,0,2,0,1,0,0,0,1,2,1,0,0,0,2,0,1,1,1,1,0,0,0,0,1,0,0,0,0,1,1,1,1,0,1,1,0,0,0,0,2,0,1,0,0,1,1,0,1,0,0,1,0,0,0,0,1,1,1,0,0,1,0,0,0,0,1,0,0,0,2,1,1,0,2,0,0,0,0,0,0,0,0,0,0,0,0,0,2,0,1,1
44,1,M,EC,0.06255,0.0468,0.12025,0.02375,0.06305,0,0,0,2,0,0,0,0,2,0,0,0,0,2,0,2,2,2,0,0,1,2,1,1,0,0,1,0,0,1,0,0,1,1,2,1,0,0,1,2,1,0,1,0,1,0,2,1,0,0,2,0,2,1,0,0,1,1,0,1,2,0,0,0,0,1,0,0,0,0,1,0,1,1,1,2,1,0,0,0,0,1,0,1,0,0,0,1,0,0,0,0,1,1,0,1
45k,2,F,EC,0.0751,0.01775,0.10495,0.0131,0.08085,0,0,0,2,0,0,0,0,2,0,0,0,0,2,0,2,2,2,0,0,1,2,1,1,0,0,1,0,0,1,0,0,1,1,2,1,0,0,1,2,1,0,1,0,1,0,2,1,0,0,2,0,2,1,0,0,1,1,0,1,1,0,1,0,0,1,0,0,0,0,1,1,1,1,0,1,1,0,0,0,0,0,0,0,0,1,0,1,0,0,0,0,2,0,0,0
46,2,F,EC,0.076,0.04375,0.1502,0.0605,0.111,0,0,0,2,0,0,1,0,1,0,0,0,0,2,1,1,1,1,1,0,1,1,1,1,0,0,0,0,1,0,0,0,0,1,2,2,1,0,0,2,0,0,2,1,1,0,1,0,0,1,2,1,2,1,0,0,1,1,0,0,1,1,0,0,0,2,0,0,0,0,1,0,0,0,2,2,1,0,1,0,0,1,0,1,0,0,0,0,0,0,0,0,1,1,0,0
47k,2,F,EC,0.1525,0.0566,0.17675,0.04475,0.1182,0,0,0,0,0,0,2,0,2,0,0,0,2,2,0,0,0,0,2,0,1,2,1,1,0,0,1,0,0,1,0,0,1,1,1,0,0,0,2,1,1,0,0,0,2,0,2,1,0,0,1,0,1,1,0,0,0,1,0,1,2,0,1,0,0,0,0,0,0,0,1,0,1,1,1,1,1,0,1,0,0,0,0,0,0,0,0,1,0,0,0,0,2,0,0,1
48,2,F,EC,0.08865,0.086,0.18665,0.04915,0.14175,0,0,0,1,0,0,2,0,1,0,0,0,1,2,1,0,0,0,2,0,1,1,1,1,0,0,0,0,1,0,0,0,0,1,1,1,1,0,1,1,0,0,1,1,2,0,1,0,0,1,1,1,1,1,0,0,0,1,0,0,1,1,1,0,0,1,0,0,0,0,1,0,0,0,2,1,1,0,2,0,0,0,0,0,0,0,0,0,0,0,0,0,2,0,0,0
49k,2,F,EC,0.0936,0.0647,0.07265,0.02115,0.07225,0,0,0,1,0,0,1,1,0,0,0,0,0,1,1,1,0,1,1,1,0,1,1,0,0,1,1,0,1,0,0,0,1,0,0,1,0,0,1,1,0,0,0,0,0,0,0,0,0,0,0,0,1,0,0,0,0,1,1,0,0,0,1,0,0,0,0,0,0,0,0,1,0,0,1,1,1,0,0,0,0,0,0,0,0,1,0,0,0,0,0,0,0,0,0,0
5,2,F,EC,0.13645,0.0667,0.16065,0.03725,0.08995,0,0,0,1,0,1,2,1,1,0,0,0,1,2,0,0,0,1,1,0,0,2,0,0,0,1,1,0,0,0,0,1,0,2,1,0,0,0,2,1,1,0,1,0,1,0,1,0,0,0,0,0,0,0,0,2,0,0,0,0,2,0,2,0,0,1,0,1,0,0,1,0,0,0,1,1,1,0,2,0,0,0,0,0,0,1,0,0,0,1,0,0,1,0,1,0
50,2,F,EC,0.06645,0.0512,0.0659,NA,0.0786,0,0,0,0,0,0,1,0,1,0,0,1,0,1,0,1,0,1,1,0,1,1,1,0,0,1,1,0,0,0,0,0,0,0,1,1,0,0,1,1,0,0,1,0,0,1,1,0,0,0,0,0,1,0,0,0,0,1,1,1,1,0,1,0,0,0,1,0,0,1,0,0,0,0,1,1,0,0,1,0,0,0,0,0,0,0,0,0,0,0,0,0,1,0,0,0
51k,2,F,EC,0.1026,0.0427,0.129,0.0954,0.0978,0,0,0,1,0,0,1,1,1,0,0,0,0,2,1,2,1,2,1,1,0,2,1,0,0,1,1,0,1,0,0,0,1,1,1,2,0,0,1,2,0,0,1,0,0,0,1,0,0,0,1,0,2,0,0,0,1,1,1,0,1,0,1,0,0,1,0,0,0,0,0,1,0,0,2,2,2,0,0,0,0,1,0,1,0,1,0,0,0,0,0,0,0,1,1,0
52,2,F,EC,0.0675,0.0557,0.0517,0.02225,0.09655,0,0,0,1,0,0,1,1,0,0,0,0,0,1,1,1,0,1,1,1,0,1,1,0,0,1,1,0,1,0,0,0,1,0,0,1,0,0,1,1,0,0,0,0,0,0,0,0,0,0,0,0,1,0,0,0,0,1,1,0,0,0,1,0,0,0,0,0,0,0,0,1,0,0,1,1,1,0,0,0,0,0,0,0,0,1,0,0,0,0,0,0,0,0,0,0
53k,1,M,EC,0.0752,0.0277,0.07915,0.0105,0.0951,0,0,0,1,0,0,1,1,0,0,0,0,0,1,1,1,0,1,1,1,0,1,1,0,0,1,1,0,1,0,0,0,1,0,0,1,0,0,1,1,0,0,0,0,0,0,0,0,0,0,0,0,1,0,0,0,0,1,1,0,0,0,1,0,0,0,0,0,0,0,0,1,0,0,1,1,1,0,0,0,0,0,0,0,0,1,0,0,0,0,0,0,0,0,0,0
55,1,M,EC,0.0894,0.05955,0.08145,0.00835,0.102,0,0,0,2,2,0,0,2,0,0,0,0,1,2,0,0,1,0,1,0,0,1,1,1,0,0,1,0,0,1,0,0,1,1,0,0,0,0,0,1,0,0,0,0,0,0,1,0,0,0,1,0,0,0,1,0,0,1,1,0,0,0,0,0,0,1,0,0,0,0,1,0,0,0,1,1,0,0,0,0,0,1,0,0,0,0,0,0,0,0,0,0,1,0,0,1
562,1,M,WC,0.0544,0.08205,0.0578,0.0055,0.091,0,1,0,2,0,0,1,0,2,0,0,1,0,2,1,1,1,1,1,1,0,1,2,1,0,1,2,0,1,0,1,1,0,1,2,2,1,0,0,1,0,0,1,0,2,2,1,0,0,1,1,0,2,0,0,1,0,0,2,0,1,0,1,1,0,1,0,0,0,2,0,2,0,0,1,2,1,1,2,1,0,0,0,0,0,0,0,0,0,0,0,0,1,0,1,1
58,2,F,EC,0.13055,0.0884,0.11075,0.0309,0.1687,0,0,0,2,0,0,0,0,2,0,0,0,0,2,0,2,0,0,2,0,0,1,1,0,0,0,1,1,0,1,1,0,0,0,1,0,1,1,1,0,0,0,1,0,0,0,1,0,0,0,1,0,0,0,0,0,0,1,1,0,0,0,0,0,0,1,0,0,0,0,1,0,0,0,0,1,1,0,0,0,0,1,0,0,1,0,0,0,0,0,0,0,0,0,0,0
59k,2,F,EC,0.10035,0.03755,0.16365,0.004,0.09225,0,0,0,0,1,0,1,0,1,0,0,0,2,2,0,0,1,1,1,0,0,1,1,1,0,0,1,0,1,0,0,0,0,1,1,0,0,0,1,1,0,0,0,0,1,0,1,0,0,0,0,0,1,0,0,0,0,1,1,0,1,0,1,0,0,1,0,0,0,0,1,0,0,0,2,1,1,0,1,0,0,1,0,0,0,0,0,0,0,0,0,0,2,0,0,1
6,2,F,EC,0.18935,0.07925,0.353,NA,0.16305,0,0,0,1,0,0,2,0,1,0,0,0,2,2,0,1,0,0,1,1,0,1,1,0,0,0,1,0,0,0,0,0,0,1,1,0,0,0,1,1,0,0,0,0,1,0,2,0,0,0,0,0,1,0,0,0,0,1,0,0,1,0,1,0,0,1,0,0,0,0,0,0,0,0,1,1,1,0,2,1,0,0,0,0,0,1,0,0,1,0,0,0,2,0,1,1
60,2,F,EC,0.10085,0.07275,0.17045,0.01835,0.1122,0,0,0,2,0,1,1,1,1,0,0,0,0,2,0,1,1,2,0,0,0,2,0,0,0,1,1,0,0,0,0,1,0,2,2,1,0,0,1,2,1,0,2,0,0,0,1,0,0,0,1,0,1,0,0,0,1,0,0,0,2,0,1,0,0,2,0,1,0,0,1,0,0,0,1,2,1,0,1,0,0,1,0,1,0,1,0,0,0,1,0,0,0,1,0,0
617,1,M,WC,0.13855,0.08635,0.08985,0.0112,0.1423,1,0,1,0,0,0,2,1,1,0,1,0,2,1,0,1,0,2,2,1,0,1,1,0,0,0,1,1,1,1,1,0,2,1,1,0,1,1,0,1,0,0,0,0,2,0,1,0,1,1,0,1,0,0,0,0,0,0,1,0,1,0,2,0,0,1,1,1,0,0,1,2,1,0,1,2,1,0,1,0,0,0,0,0,0,2,0,0,0,0,0,0,0,0,0,0
61k,1,M,EC,0.0579,0.0459,0.1157,0.01205,0.0405,0,0,0,2,0,1,1,1,1,0,0,0,0,2,0,1,1,2,0,0,0,2,0,0,0,1,1,0,0,0,0,1,0,2,2,1,0,0,1,2,1,0,2,0,0,0,1,0,0,0,1,0,1,0,0,0,0,0,0,0,2,0,1,0,0,2,0,1,0,0,1,0,0,0,1,2,1,0,1,0,0,1,0,1,0,1,0,0,0,1,0,0,0,1,1,1
64,1,M,EC,0.08315,0.07845,0.04445,0.01045,0.11455,0,0,0,1,0,0,2,0,1,0,0,0,1,1,0,2,2,1,1,0,0,1,1,1,0,0,2,1,0,0,0,0,0,1,1,1,0,0,2,2,0,0,1,0,0,0,1,0,0,0,0,0,1,1,0,0,0,0,1,0,1,0,1,0,0,2,0,1,0,1,1,1,0,0,0,2,0,1,2,1,0,0,1,0,0,0,0,0,0,0,0,0,1,0,0,0
65,2,F,EC,0.11995,0.10365,0.057,NA,0.1315,0,0,0,1,0,0,2,0,1,0,0,0,1,1,0,2,2,1,1,0,0,1,1,1,0,0,2,1,0,0,0,0,0,1,1,1,0,0,2,2,0,0,1,0,0,0,1,0,0,0,0,0,1,1,0,0,0,0,1,0,1,0,1,0,0,2,0,1,0,1,1,1,0,0,0,2,0,1,2,1,0,0,1,0,0,0,0,0,0,0,0,0,1,0,0,0
66,2,F,EC,0.11595,0.05595,0.02635,0.0102,0.10575,0,0,0,1,0,0,2,0,1,0,0,0,1,1,0,2,2,1,1,0,0,1,1,1,0,0,2,1,0,0,0,0,0,1,1,1,0,0,2,2,0,0,1,0,0,0,1,0,0,0,0,0,1,1,0,0,0,0,1,0,1,0,1,0,0,2,0,1,0,1,1,1,0,0,0,2,0,1,2,1,0,0,0,0,0,0,0,0,0,0,0,0,1,0,0,0
67k,2,F,EC,0.146,0.138,0.05815,0.0178,0.11185,0,0,0,1,0,0,2,0,1,0,0,0,1,1,0,2,2,1,1,0,0,1,1,1,0,0,2,1,0,0,0,0,0,1,1,1,0,0,2,2,0,0,1,0,0,0,1,0,0,0,0,0,1,1,0,0,0,0,1,0,1,0,1,0,0,2,0,1,0,1,1,1,0,0,0,2,0,1,2,1,0,0,1,0,0,0,0,0,0,0,0,0,1,0,0,0
68,1,M,EC,0.101,0.1027,0.0813,0.0673,0.12555,0,0,0,2,0,0,0,0,2,0,0,0,0,2,0,2,0,0,2,0,0,1,1,0,0,0,1,1,0,1,1,0,0,0,1,0,1,1,1,0,0,0,1,0,0,0,1,0,0,0,1,0,0,0,0,0,0,1,1,0,0,0,0,0,0,1,0,0,0,0,1,0,0,0,0,1,1,0,0,0,0,1,0,0,1,0,0,0,0,0,0,0,0,0,0,0
69k,2,F,EC,0.18905,0.0809,0.17195,0.0394,0.13215,0,0,0,1,0,0,1,0,2,0,0,0,1,2,0,1,0,0,2,0,0,2,1,0,0,0,1,1,0,1,1,0,0,1,1,0,1,1,2,0,0,1,1,0,1,0,2,0,0,0,1,0,0,0,0,1,0,1,1,0,1,0,1,0,0,1,0,0,0,0,1,0,0,0,1,1,2,0,1,0,0,1,0,0,1,0,0,0,0,0,0,0,1,0,0,0
7,2,F,EC,0.1546,0.0995,0.28565,0.01055,0.1121,0,0,0,1,0,0,2,0,1,0,0,0,2,2,0,1,0,0,1,1,0,1,1,0,0,0,1,0,0,0,0,0,0,1,1,0,0,0,1,1,0,0,0,0,1,0,2,0,0,0,0,0,1,0,0,0,0,1,0,0,1,0,1,0,0,1,0,0,0,0,0,0,0,0,1,1,1,0,2,1,0,0,0,0,0,1,0,0,1,0,0,0,2,0,0,0
70,1,M,EC,0.15835,0.1265,0.27125,0.03505,0.1456,0,0,0,2,0,0,1,0,1,0,0,0,1,2,0,2,1,1,0,1,0,1,1,0,0,0,1,0,0,0,0,0,0,1,2,1,0,0,0,2,0,0,1,0,0,0,2,0,0,0,0,0,2,0,0,0,0,1,0,0,1,0,0,0,0,2,0,0,0,0,0,0,0,0,1,2,1,0,1,1,0,1,0,1,0,1,0,0,1,0,0,0,1,1,0,0
71,1,M,EC,0.11945,0.1075,0.2253,0.0146,0.0917,0,0,0,2,0,0,1,0,1,0,0,0,1,2,0,2,1,1,0,1,0,1,1,0,0,0,1,0,0,0,0,0,0,1,2,1,0,0,0,2,0,0,0,0,0,0,2,0,0,0,0,0,2,0,0,0,0,2,0,0,1,0,0,0,0,2,0,0,0,0,0,0,0,0,1,2,1,0,1,1,0,1,0,1,0,1,0,0,1,0,0,0,1,1,0,1
711,1,M,WC,0.11435,0.08405,0.1072,0.024,0.1151,1,0,1,1,0,0,1,0,1,0,0,0,1,0,1,1,1,1,1,0,0,1,0,0,0,0,1,2,1,0,1,0,1,2,1,1,1,0,0,1,0,0,1,0,1,0,0,0,0,2,1,0,1,1,0,0,1,0,1,0,0,0,2,0,0,1,1,0,0,0,0,1,1,0,2,2,2,0,1,0,0,0,0,0,0,1,0,0,0,0,0,0,0,0,1,0
72,1,M,EC,0.14275,0.0762,0.20345,0.0062,0.12975,0,0,0,2,0,0,1,0,1,0,0,0,1,2,0,2,1,1,0,1,0,1,1,0,0,0,1,0,0,0,0,0,0,1,2,1,0,0,0,2,0,0,1,0,0,0,2,0,0,0,0,0,2,0,0,0,0,1,0,0,1,0,0,0,0,2,0,0,0,0,0,0,0,0,1,2,1,0,1,1,0,1,0,1,0,1,0,0,1,0,0,0,1,1,0,1
74,1,M,EC,0.1266,0.0882,0.05575,0.0724,0.13015,1,0,0,0,0,0,1,0,2,0,1,0,1,2,0,0,2,2,1,0,0,1,1,0,0,1,2,1,1,0,2,0,0,2,2,1,0,0,1,0,0,0,0,0,1,0,2,0,0,1,1,0,2,0,1,0,0,1,0,0,0,0,1,0,0,1,0,0,0,0,1,1,1,0,1,2,1,1,1,0,0,1,0,1,0,0,0,1,0,0,0,0,2,0,0,0
75,2,F,EC,0.08845,0.07955,0.01595,0.00825,0.12395,1,0,0,1,0,0,1,1,1,0,1,0,1,2,1,1,1,2,1,0,0,1,1,1,0,1,2,1,1,0,1,0,0,1,1,1,0,1,1,1,0,0,0,1,1,0,1,0,0,0,1,0,1,0,1,1,0,1,1,1,1,0,1,0,0,1,0,0,0,0,1,1,1,0,1,2,1,1,1,0,0,1,0,1,0,0,0,1,0,0,0,1,2,1,1,1
76,2,F,EC,0.14895,0.0611,0.20725,0.02625,0.10295,0,0,0,1,0,0,2,1,1,0,0,0,2,2,1,0,0,1,1,0,0,1,1,0,0,0,1,0,0,0,0,0,0,2,1,0,0,1,1,1,0,1,0,1,2,0,2,0,0,0,1,0,1,0,0,0,0,1,1,1,2,0,2,0,0,0,0,0,0,0,1,1,0,0,2,1,2,1,1,0,0,1,0,0,0,0,0,1,0,0,0,1,2,1,0,1
77,1,M,EC,0.107,0.0739,0.02515,0.01335,0.11485,0,0,0,2,0,0,2,1,1,0,0,0,2,2,1,1,1,2,1,0,0,0,2,1,0,0,2,0,0,0,0,0,0,1,1,1,0,1,1,2,0,0,0,1,1,0,1,0,0,0,1,0,1,0,0,1,0,1,1,1,2,0,2,0,0,1,0,1,0,0,2,1,0,0,1,2,1,1,1,0,0,1,1,0,0,0,0,1,0,0,0,1,1,1,0,1
79,1,M,EC,0.06905,0.0707,0.02615,0.0034,0.11095,0,0,0,2,0,0,2,1,1,0,0,0,2,2,1,1,1,2,1,0,0,0,2,1,0,0,2,0,0,0,0,0,0,1,1,1,0,1,1,2,0,0,0,0,0,0,0,0,0,0,0,0,0,0,0,0,0,0,1,1,2,0,2,0,0,1,0,1,0,0,2,1,0,0,1,2,1,1,1,0,0,1,1,0,0,0,0,1,0,0,0,1,1,1,0,0
82,1,M,EC,0.04565,0.07845,0.1285,0.02045,0.07765,0,0,0,1,1,0,0,0,1,0,0,0,1,2,0,1,2,2,0,0,0,1,1,1,0,0,1,0,1,0,0,0,0,1,2,1,0,0,0,2,0,0,1,0,0,0,0,0,0,0,1,0,2,0,0,1,1,2,2,0,1,0,0,0,0,2,0,0,0,0,1,0,0,0,2,2,1,0,1,0,0,2,0,0,0,0,0,0,0,0,0,0,1,1,0,1
83,1,M,EC,0.10025,0.0588,0.1502,0.0132,0.12435,0,0,0,0,1,0,1,0,1,0,0,0,2,2,0,0,1,1,1,0,0,1,1,1,0,0,1,0,1,0,0,0,0,1,1,0,0,0,1,1,0,0,0,0,1,0,1,0,0,0,0,0,1,0,0,0,0,1,1,0,1,0,1,0,0,1,0,0,0,0,1,0,0,0,2,1,1,0,1,0,0,1,0,0,0,0,0,0,0,0,0,0,2,0,0,1
84,1,M,EC,0.0536,0.0597,0.1263,0.00575,0.0722,0,0,0,1,1,0,0,0,1,0,0,0,1,2,0,1,2,2,0,0,0,1,1,1,0,0,1,0,1,0,0,0,0,1,2,1,0,0,0,2,0,0,1,0,0,0,0,0,0,0,1,0,2,0,0,2,0,1,1,0,1,0,0,0,0,2,0,0,0,0,1,0,0,0,2,2,1,0,0,0,0,2,0,1,0,0,0,0,0,0,0,0,1,1,0,0
89,1,M,EC,0.07175,0.0629,0.1179,0.00915,0.07675,0,0,0,2,0,0,1,1,1,0,0,0,0,2,1,2,1,2,1,1,0,2,1,0,0,1,1,0,1,0,0,0,1,1,1,2,0,0,1,2,0,0,1,0,0,0,2,0,0,0,1,0,2,0,0,0,1,2,2,0,1,0,1,0,0,1,0,0,0,0,0,1,0,0,2,2,2,0,0,0,0,1,0,1,0,1,0,0,0,0,0,0,0,1,0,0
901,1,M,WC,0.05235,0.07095,0.0968,0.00915,0.1291,0,1,0,2,1,0,2,0,1,0,0,0,0,2,1,1,1,2,2,0,0,2,2,1,1,1,2,1,0,1,0,1,0,1,1,1,0,1,0,2,0,0,0,0,2,1,0,0,0,0,1,0,2,0,0,0,0,0,2,0,0,0,0,1,1,1,0,0,0,1,1,1,0,0,1,2,1,2,2,1,0,0,0,0,0,0,0,0,0,0,0,0,2,0,0,1
929,1,M,WC,0.08005,0.04205,0.0633,0.0061,0.08595,0,0,0,1,0,0,0,0,2,0,0,2,0,2,0,0,0,2,0,0,0,0,1,1,0,1,1,1,0,0,0,0,0,0,1,0,0,0,1,1,0,0,0,0,0,0,1,0,0,0,1,1,1,1,0,0,0,0,0,0,0,0,1,0,0,1,0,0,0,1,1,1,1,0,0,1,0,0,1,0,1,0,0,0,0,0,0,0,1,0,0,0,1,1,0,0
94,1,M,EC,0.0111,0.1064,0.15645,NA,0.1257,0,0,0,1,0,0,2,0,1,0,0,0,1,2,1,0,0,0,2,0,1,1,1,1,0,0,0,0,1,0,0,0,0,1,1,1,1,0,1,1,0,0,0,0,2,0,1,0,0,0,0,0,1,0,0,0,0,0,0,0,1,1,1,0,0,1,0,0,0,0,1,0,0,0,2,1,1,0,2,0,0,0,0,0,0,0,0,0,0,0,0,0,2,0,1,1
947,1,M,WC,0.0995,0.10085,0.03175,0.01075,0.1186,0,0,0,2,0,0,0,0,2,0,0,2,0,2,0,0,0,1,0,1,0,0,2,1,0,1,2,1,1,0,1,0,0,1,2,1,1,0,1,1,0,0,1,0,1,1,2,0,0,1,1,1,2,1,0,1,0,0,1,0,1,0,2,0,0,1,0,0,0,2,1,2,1,0,1,2,1,0,2,0,1,0,0,0,0,0,0,0,1,0,0,0,1,1,1,1
97,1,M,EC,0.0416,0.1191,0.07055,0.01145,0.1438,0,0,0,2,0,0,0,0,2,0,0,0,0,2,0,2,0,0,2,0,0,1,1,0,0,0,1,1,0,1,1,0,0,0,1,0,1,1,1,0,0,0,1,0,0,0,1,0,0,0,1,0,0,0,0,0,0,1,1,0,0,0,0,0,0,1,0,0,0,0,1,0,0,0,0,1,1,0,0,0,0,1,0,0,1,0,0,0,0,0,0,0,0,0,1,1
982,1,M,WC,0.04015,0.08185,0.09205,0.05135,0.0944,0,0,0,1,0,0,1,0,2,0,0,1,1,2,0,0,0,1,1,0,0,1,1,1,0,1,1,1,0,0,0,0,0,1,1,0,0,0,2,1,0,0,0,0,1,0,2,0,0,0,1,1,1,1,0,0,0,0,0,0,1,0,2,0,0,1,0,0,0,1,1,1,1,0,1,1,1,0,2,0,1,0,0,0,0,0,0,0,1,0,0,0,2,1,0,1
